0	The presence of communication amid scientific minds was equally important to the success of the Manhattan Project as scientific intellect was. The only cloud hanging over the impressive achievement of the atomic researchers and engineers is what their success truly meant; hundreds of thousands of innocent lives obliterated.
21	Phloem and xylem are complex tissues that perform transportation of food and water in a plant. They are the vascular tissues of the plant and together form vascular bundles. They work together as a unit to bring about effective transportation of food, nutrients, minerals and water.
29	At this time the Industrial Workers of the World had a membership of over 100,000 members. In 1913 William Haywood replaced Vincent Saint John as secretary-treasurer of the Industrial Workers of the World. By this time, the IWW had 100,000 members.
49	Color—urine can be a variety of colors, most often shades of yellow, from very pale or colorless to very dark or amber. Unusual or abnormal urine colors can be the result of a disease process, several medications (e.g., multivitamins can turn urine bright yellow), or the result of eating certain foods.
51	During the visual examination of the urine, the laboratorian observes the urine's color and clarity. These can be signs of what substances may be present in the urine. They are interpreted in conjunction with results obtained during the chemical and microscopic examinations to confirm what substances are present.
53	However, red-colored urine can also occur when blood is present in the urine and can be an indicator of disease or damage to some part of the urinary system. Another example is yellow-brown or greenish-brown urine that may be a sign of bilirubin in the urine (see The Chemical Examination section).
55	A good rule of thumb is the darker your urine, the more water you need to drink. And if your urine is any other color besides a various shade of yellow (which we’ll get into down below) something may be wrong.
56	Color, density, and smell can reveal health problems. Human urine has been a useful tool of diagnosis since the earliest days of medicine. The color, density, and smell of urine can reveal much about the state of our health. Here, for starters, are some of the things you can tell from the hue of your liquid excreta. Advertising Policy.
57	More concentrated urine in the bladder can be darker. As long as your urine returned to a more-normal, light yellow color after you drank more water, there is no need to be concerned.
59	The most common cause for liver transplantation in adults is cirrhosis caused by various types of liver injuries such as infections (hepatitis B and C), alcohol, autoimmune liver diseases, early‐stage liver cancer, metabolic and hereditary disorders, but also diseases of unknown aetiology.ombination therapy of ursodeoxycholic acid and corticosteroids for primary biliary cirrhosis with features of autoimmune hepatitis: a meta-analysis. A meta-analysis was performed of RCTs comparing therapies that combine UDCA and corticosteroids with UDCA monotherapy.
66	Autoimmune Hepatitis. A liver disease in which the body's immune system damages liver cells for unknown reasons. PubMed Health Glossary. (Source: NIH-National Institute of Diabetes and Digestive and Kidney Diseases).ombination therapy of ursodeoxycholic acid and corticosteroids for primary biliary cirrhosis with features of autoimmune hepatitis: a meta-analysis. A meta-analysis was performed of RCTs comparing therapies that combine UDCA and corticosteroids with UDCA monotherapy.
81	What organs are on your left side of body. Causes of Pain under Left Rib Cage. Here are just some of the possible reasons why you may be feeling pain under your left rib cage: Gas Stuck in the Colon – There is a chance that you have gas stuck in your colon. The amount of gas that is stuck may be excessive.
89	1 COMMERCIAL CONCRETE. Since 1981, Wheeler Services, Inc has handled commercial concrete projects such as Medical offices, Auto plants, Commercial buildings, Retail buildings, Colleges, Manufacturing Plants, Restaurants, Churches, Our areas of service include Georgia, Alabama, North Carolina and South Carolina.
91	Wheeler Services, Inc. is a commercial contractor specialized in building concrete structures such as foundations, slabs on grade,elevated decks, retaining walls, heavy duty paving, hardscaping,staircases, and storm water management structures. Additionally, its commercial and residential landscaping division has been in business since 1981.
109	No Social Security COLA for senior citizens in 2016 seems certain as do Medicare hikes. Means problems for Medicare: Part B premiums cannot increase for most , so minority has to bear burden of rising costs - Oct. 8, 2015.
112	Oct. 15, 2015 – Here is what the Social Security Administration has to say about the cost-of-living adjustment (COLA) next year for senior citizens and others in the program: “With consumer prices down over the past year, monthly Social Security and Supplemental Security Income (SSI) benefits for nearly 65 million Americans will not automatically ...
117	The estimated average monthly premium for Medicare Part B in 2017 is $149, up from 2016's rate of $121.80 and 2015's rate of $104.90. About 70% of Part B enrollees will be able to avoid the portion of the premium increase that exceeds their Social Security benefit increase, according to the health-insurance report.
121	Condo Old Montreal - Compare all new condominiums for sale in Old Montreal, Island of Montreal. Vieux-Montral, Montral, QC, Canada.
165	Meg Farris talks about rising rivers in Sorrento. SORRENTO, La. – Ascension Parish residents began bracing for the worst as water began creeping over major roadways Monday night. Parts of Airline Highway were underwater as a result of rain and heavy flooding throughout the southeast Louisiana. Officials said they believe both sides of Airline Highway will be impassable Tuesday morning.
200	Some locations of arctic and alpine tundra include: 1  Arctic Tundra. 2  North America-Northern Alaska, Canada, Greenland. 3  Northern Europe-Scandinavia. 4  Northern Asia-Siberia. 5  Alpine Tundra. 6  North America-Alaska, Canada, U.S.A., and Mexico. 7  Northern Europe-Finland, Norway, Russia, and Sweden.he tundra biome is characterized by extremely cold temperatures and treeless, frozen landscapes. There are two types of tundra, the arctic tundra and the alpine tundra.
204	Arctic Tundra. The Arctic tundra is a cold, vast, treeless area of low, swampy plains in the far north around the Arctic Ocean. It includes the northern lands of Europe (Lapland and Scandinavia), Asia (Siberia), and North America (Alaska and Canada), as well as most of Greenland.rctic Tundra. The Arctic tundra is a cold, vast, treeless area of low, swampy plains in the far north around the Arctic Ocean. It includes the northern lands of Europe (Lapland and Scandinavia), Asia (Siberia), and North America (Alaska and Canada), as well as most of Greenland.
212	Without Amazon Prime membership, you will be paying $12 on average for two-day shipping on each purchase. If you typically buy one item each month from Amazon using two-day shipping, you would be spending at least $114 a year, making an Amazon Prime membership worth the cost.
237	HAWAIIAN BABY WOODROSE Side Effects & Safety. Hawaiian baby woodrose is UNSAFE. It can cause side effects such as nausea, vomiting, dizziness, hallucinations, blurred vision, dilated pupils, rapid movement of eyeballs, sweating, fast heart rate, and increased blood pressure.
251	I've been to the CN Tower in Toronto quite a few times, but never like this! They hold the Guinness World Record for highest edge walk on a building (356m or 1,167.97 ft) this is an adventure you ...
286	So they will ask you why you want to “become part of their team” and you need to have a good answer – one that incorporates the company research you did before your interview and how your skills and experiences have made you want to pursue that job. The key is to focus on the company, not the specific job description.
292	For other ships of the same name, see USS Juneau. USS Juneau in June 1942. The first USS Juneau (CL-52) was a United States Navy Atlanta class light cruiser sunk at the Naval Battle of Guadalcanal 13 November 1942. In total 687 men, including the five Sullivan brothers, were killed in action as a result of its sinking.he was down 12 ft (4 m) by the bow, but able to maintain 13 kn (15 mph, 24 km/h). A few minutes after 1100, two torpedoes were launched from I-26. These were intended for San Francisco, but both passed ahead of her. One struck Juneau in the same place that had been hit during the battle.
326	Marti Rulli, Author: Goodbye Natalie Goodbye Splendour (Natalie Wood) Goodbye Natalie Goodbye Splendour is the poignant story of a young, cavalier adventurer, Dennis Davern, who landed the position of Splendour Captain and how the Wagner family welcomed him into their hearts and home.
332	What were the two basic causes of the Dust Bowl during the early 1930s? strip mining and toxic chemical dumping over farming and drought urban sprawl and - 333667 1
335	What were the two basic causes of the Dust Bowl during the early 1930s? strip mining and toxic chemical dumping over farming and drought urban sprawl and overpopulation deforestation and railway construction
336	What?! There is no Declaration of Independence?! What if... Select two of the grievances from the list in the lesson below: No trials by jury Not able to trade freely Unfair taxes ...
357	Introduce the process of condensation. If students do not know what the process of condensation is, you can tell them it is the opposite of evaporation. In evaporation, a liquid (like water) changes state to become a gas (water vapor). In condensation, a gas (like water vapor) changes state to become a liquid (water). Explain that as water molecules in the air cool and slow down, their attractions overcome their speed and they join together, forming liquid water. This is the process of condensation.
364	Detailed Information. NPI Number 1356536031 has the “Individual” type of ownership and has been registered to the following primary business legal name (which is a provider name or healthcare organization name) — NILDA A GUERRA-CAVAZOS MD.Records indicate that the provider gender is “Female” .he fax number associated with the mailing address of the provider being identified. This data element may contain the same information as ''Provider location address fax number''.
367	You can get information about the owner of the 1356536031 NPI number — NILDA A GUERRA-CAVAZOS MD in the PDF and Text formats.he fax number associated with the mailing address of the provider being identified. This data element may contain the same information as ''Provider location address fax number''.
380	So we generally have either Fast-Slow-Fast-Fast or Fast-Fast-Slow-Fast. There are also different types of Key-schemes through the symphony. A good example of a classical key-scheme would be the 1st, 3rd and 4th movements are in the tonic key, but the 2nd movement and the trio of the 3rd movement are in the subdominant.
432	Question: What is the longest word in Spanish? Answer: The answer depends on what you mean by the longest word, but regardless of your definition the longest word isn't superextraordinarísimo, the 22-letter word once listed in a famous recordbook and the word that was usually cited as the longest in the language. (It means most superextraordinary.)
438	Another reason why there really isn't a single longest German word: German numbers, long or short, are written as one word. For example, to say or write the number 7,254, not really a very long number, the German is siebentausendzweihundertvierundfünfzig, a single word of 38 letters.
439	US Zip Code. In the US, the zip codes, also know as ZIP Code 5 or Zip Code 5 plus 4 are usefull to organize the mail delivery process. Germany was the first into use the system, followed by the US, in the 60's. AL - Alabama.
442	What is a zip code/postal code? In the United States of America a zipcode is five or nine numbers that are added to a postal address to assist the sorting of mail. There are currently about 43,000 zipcode. This tool can also find the postal code of many other countries.
444	At US ZIP Codes you can search ZIP Codes to send mail and looking up US Cities and US Addresses Zip + 4 zip codes. The ZIP Code is a unique number that distinguishes cities accross the world. Almost every country uses a ZIP Codes sytem, with some exceptions like Ireland or Hong Kong.
445	What's my Zip Code - Find the zip code of your current location. We have found the zip code you are likely in using your general area. To get your exact zipcode please share your location. You can also find the zipcode of any address or point clicked on the map. Searching for a city may not give you a result as there are many zip codes within a city. if this is the case click within the city limits to find the zip code of that spot.
446	Most of the postal code systems are numeric; only a few are alphanumeric (i.e. use both letters and digits). Alphanumeric systems can, given the same number of characters, encode many more locations. For example: with a 2 digit numeric code we could code 10 x 10= 100 locations.
447	In some countries (such as those of continental Europe, where a numeric postcode format of four or five digits is commonly used) the numeric postal code is sometimes prefixed with a country code when sending international mail to that country.
448	A postal code (also known locally in various English-speaking countries throughout the world as a postcode, post code, Eircode, PIN Code or ZIP Code ) is a series of letters and/or digits, sometimes including spaces or punctuation, included in a postal address for the purpose of sorting mail.
449	100 Famous Scottish People. This is a list of 100 famous Scottish people. This includes people who were born in Scotland, but also people born outside of Scotland, but who spent considerable time living there and identified with a Scottish identity.rom the perspective of Scottish history, Robert the Bruce or William Wallace have been very influential. In modern times, it is probably Alex Salmond. If you want to make a suggestion about who should be in list (or who shouldn’t) you can leave a comment below. 1.